{
  "wall": [
    {
      "component": "BasicAI",
      "size": "3",
      "destination1": "6.0 4.0", 
      "destination2": "9.0 7.0",
      "destination3": "4.0 -3.0"
    },
    {
      "component": "Transform",
      "position": "6.0 4.0",
      "rotation": "0.0"
    }
  ],
  "wall": [
    {
      "component": "BasicAI",
      "size": "4",
      "destination1": "3.0 2.0", 
      "destination2": "7.0 -5.0",
      "destination3": "5.0 -2.0",
      "destination4": "8.0, 4.0"
    },
    {
      "component": "Transform",
      "position": "3.0 2.0",
      "rotation": "0.0"
    }
  ]
}