{
  "wall": [
    {
      "component": "Transform",
      "position": "0.0 -4.0",
      "rotation": "0.0"
    },
    {
      "component": "TextureRenderer",
      "texture": "Rock",
      "layer": "2",
      "ui": "0"
    }
  ],
  "wall": [
    {
      "component": "Transform",
      "position": "0.0 -3.0",
      "rotation": "0.0"
    },
    {
      "component": "TextureRenderer",
      "texture": "Rock",
      "layer": "2",
      "ui": "0"
    }
  ],
  "wall": [
    {
      "component": "Transform",
      "position": "25.0 25.0",
      "rotation": "0.0"
    }
  ],
  "wall": [
    {
      "component": "Transform",
      "position": "-25.0 -25.0",
      "rotation": "0.0"
    }
  ],
  "wall": [
    {
      "component": "Transform",
      "position": "-10.0 0.0",
      "rotation": "0.0"
    },
    {
      "component": "TextureRenderer",
      "texture": "Rock",
      "layer": "2",
      "ui": "0"
    }
  ]
}