{
  "Floor": [
    {
      "component": "Name",
      "name": "Floor"
    },
    {
      "component": "Transform",
      "position": "0.0 0.0",
      "rotation": "0.0"
    },
    {
      "component": "Scale",
      "scale": "820.0 400.0"
    },
    {
      "component": "AABB",
      "scale": "27.33 13.33",
      "layer": "0"
    },
    {
      "component": "TextureRenderer",
      "texture": "Background",
      "layer": "0"
    }
   ],
   "UIText": [
    {
      "component": "Name",
      "name": "UIText"
    },
    {
      "component": "Transform",
      "position": "0.0 0.0",
      "rotation": "0.0"
    },
    {
      "component": "TextRenderer",
      "font": "Grandstander-Medium",
      "sentence length": "4",
      "text": "This is UI text.",
      "color": "1.0 0.5 1.0",
      "scale": "1.0",
      "layer": "10",
	  "ui text": "10"
    }
   ],
  "WorldText": [
    {
      "component": "Name",
      "name": "WorldText"
    },
    {
      "component": "Transform",
      "position": "0.0 0.0",
      "rotation": "0.0"
    },
    {
      "component": "TextRenderer",
      "font": "Grandstander-Medium",
      "sentence length": "4",
      "text": "This is World text.",
      "color": "1.0 0.5 1.0",
      "scale": "1.0",
      "layer": "10",
      "ui text": "0"
    }
   ],
  "Player": [
    {
      "component": "Name",
      "name": "Player"
    },
    {
      "component": "Transform",
      "position": "0.0 2.0 ",
      "rotation": "0.0" 
    },
    {
      "component": "Motion",
      "mass": "5.0",
      "velocity": "0.0 0.0",
      "acceleration": "0.0 0.0"
    },
    {
      "component": "Scale",
      "scale": "50.0 100.0"
    },
    {
      "component": "AnimationRenderer",
      "number of animations": "2",
      "add animation": "Player_Walk",
      "add animation": "Player_Idle",
      "set animation": "Player_Walk",
      "play_animation": "1",
      "has_finished_animating": "0",
      "layer": "2"
    },
    {
      "component": "AABB",
      "scale": "0.5 1.0",
      "layer": "3"
    },
    {
      "component": "Status"
    },
    {
      "component": "Health",
      "maximum health": "5"
    }
    
  ],
  "Enemy": [
    {
      "component": "Name",
      "name": "Enemy"
    },
    {
      "component": "Transform",
      "position": "0.0 0.0",
      "rotation": "0.0" 
    },
    {
      "component": "Motion",
      "mass": "10.0",
      "velocity": "0.0 0.0",
      "acceleration": "0.0 0.0"
    },
    {
      "component": "Scale",
      "scale": "30.0 30.0"
    },
    {
      "component": "TextureRenderer",
      "texture": "Stone",
      "layer": "2"
    },
    {
      "component": "AABB",
      "scale": "1.0 1.0",
      "layer": "2"
    },
    {
      "component": "Status"
    },
    {
      "component": "Health",
      "maximum health": "5"
    },
    {
      "component": "PointLight",
      "color": "0.5 1.0 1.0",
      "radius": "150.0",
      "intensity": "1.0"
    }
  ],
  "Wall": [
    {
      "component": "Name",
      "name": "Wall"
    },
    {
      "component": "Transform",
      "position": "0.0 0.0",
      "rotation": "0.0"
    },
    {
      "component": "Scale",
      "scale": "30.0 30.0"
    },
    {
      "component": "TextureRenderer",
      "texture": "Rock",
      "layer": "2"
    },
    {
      "component": "AABB",
      "scale": "0.5 0.5",
      "layer": "1"
    },
    {
      "component": "PointLight",
      "color": "0.5 1.0 1.0",
      "radius": "50.0",
      "intensity": "1.0"
    }
  ],
  "MovingWall": [
    {
      "component": "Name",
      "name": "MovingWall"
    },
    {
      "component": "BasicAI",
      "speed": "80.0"
    },
    {
      "component": "Transform",
      "position": "80.0 200.0",
      "rotation": "0.0"
    },
    {
      "component": "Scale",
      "scale": "30.0 30.0"
    },
    {
      "component": "Motion",
      "mass": "8.0",
      "velocity": "0.0 0.0",
      "acceleration": "0.0 0.0"
    },
    {
      "component": "TextureRenderer",
      "texture": "Rock",
      "layer": "2"
    },
    {
      "component": "AABB",
      "scale": "0.5 0.5",
      "layer": "1"
    }
  ],
  "Button": [
    {
      "component": "Name",
      "name": "Button"
    },
    {
      "component": "Transform",
      "position": "150.0 100.0",
      "rotation": "0.0"
    },
    {
      "component": "Scale",
      "scale": "30.0 30.0"
    },
    {
      "component": "TextureRenderer",
      "texture": "Rock",
      "layer": "2"
    },
    {
      "component": "PointLight",
      "color": "0.5 1.0 1.0",
      "radius": "50.0",
      "intensity": "1.0"
    },
    {
      "component": "AABB",
      "scale": "0.5 0.5",
      "layer": "4"
    },
    {
      "component": "Clickable",
      "scale": "1.0 1.0"
    }
  ],
  "InputController": [
    {
      "component": "Name",
      "name": "InputController"
    },
    {
      "component": "InputController"
    }
  ],
  "AITest": [
    {
      "component": "Name",
      "name": "AITest"
    },
    {
      "component": "AI",
      "AItype": "Stag_Beetle",
      "range": "300.0",
      "speed": "3000.0", 
      "dest": "4",
      "destination1": "-5.0 0.0", 
      "destination2": "-5.0 -2.0",
      "destination3": "-3.0 -2.0",
      "destination4": "-3.0 0.0"
    },
    {
      "component": "Transform",
      "position": "-5.0 0.0 ",
      "rotation": "0.0" 
    },
    {
      "component": "Scale",
      "scale": "30.0 30.0"
    },
    {
      "component": "TextureRenderer",
      "texture": "Stone",
      "layer": "1"
    },
    {
      "component": "AABB",
      "scale": "0.5 0.5",
      "layer": "2"
    },
    {
      "component": "Motion",
      "mass": "8.0",
      "velocity": "0.0 0.0",
      "acceleration": "0.0 0.0"
    }
  ]
}